AA,position,structure_group,IDR,Acetylated Lysines,Conservation score,Function,Type of mutation,Mutation Effect,Mutation Evidence,Type of variation,Variant Effect,Variant Evidence
M,1,unstructured,1,,0.0,Signal peptide,,,,,,
I,2,unstructured,1,,0.0,Signal peptide,,,,,,
P,3,unstructured,1,,0.0,Signal peptide,,,,,,
L,4,unstructured,1,,0.0,Signal peptide,,,,,,
L,5,unstructured,1,,0.0,Signal peptide,,,,,,
L,6,unstructured,1,,0.0,Signal peptide,,,,,,
A,7,unstructured,1,,0.0,Signal peptide,,,,,,
A,8,unstructured,1,,0.0,Signal peptide,,,,,,
L,9,unstructured,1,,0.0,Signal peptide,,,,,,
L,10,unstructured,0,,0.0,Signal peptide,,,,,,
C,11,unstructured,0,,0.0,Signal peptide,,,,,,
V,12,unstructured,0,,0.0,Signal peptide,,,,,,
P,13,unstructured,0,,0.0,Signal peptide,,,,,,
A,14,unstructured,0,,0.0,Signal peptide,,,,,,
G,15,unstructured,0,,0.0,Signal peptide,,,,,,
A,16,unstructured,0,,0.0,Signal peptide,,,,,,
L,17,BEND,0,,0.0,Signal peptide,,,,,,
T,18,unstructured,0,,0.0,Signal peptide,,,,,,
C,19,STRN,0,,0.0,,C->A,Loss of activity,PubMed:12558498,,,
Y,20,STRN,0,,0.0,,,,,,,
G,21,unstructured,0,,0.0,,,,,,,
D,22,TURN,0,,0.0,,,,,,,
S,23,TURN,0,,0.0,,,,,,,
G,24,BEND,0,,0.0,,,,,,,
Q,25,BEND,0,,0.0,,,,,,,
P,26,STRN,0,,0.0,,,,,,,
V,27,STRN,0,,0.0,,,,,,,
D,28,BEND,0,,0.0,,,,,,,
W,29,STRN,0,,0.0,,,,,,,
F,30,STRN,0,,0.0,,,,,,,
V,31,STRN,0,,0.0,,,,,,,
V,32,STRN,0,,0.0,,,,,,,
Y,33,STRN,0,,0.0,,,,,,,
K,34,STRN,0,,0.0,,,,,,,
L,35,HELX,0,,0.0,,,,,,,
P,36,HELX,0,,0.0,,,,,,,
A,37,unstructured,0,,0.0,,,,,,,
L,38,unstructured,0,,0.0,,,,,,,
R,39,TURN,0,,0.0,,,,,R->I,"rs36075196	
", 
G,40,TURN,0,,0.0,,,,,,,
S,41,unstructured,0,,0.0,,,,,,,
G,42,BEND,0,,0.0,,,,,,,
E,43,unstructured,0,,0.0,,,,,,,
A,44,HELX,0,,0.0,,,,,,,
A,45,HELX,0,,0.0,,,,,,,
Q,46,HELX,0,,0.0,,,,,,,
R,47,TURN,0,,0.0,,,,,,,
G,48,TURN,0,,0.0,,,,,,,
L,49,TURN,0,,0.0,,,,,,,
Q,50,unstructured,0,,0.0,,,,,,,
Y,51,STRN,0,,0.0,,,,,,,
K,52,STRN,0,,0.0,,,,,,,
Y,53,STRN,0,,0.0,,,,,,,
L,54,STRN,0,,0.0,,,,,,,
D,55,STRN,0,,0.0,,,,,,,
E,56,TURN,0,,0.0,,,,,,,
S,57,TURN,0,,0.0,,,,,,,
S,58,BEND,0,,0.0,,,,,,,
G,59,BEND,0,,0.0,,,,,,,
G,60,BEND,0,,0.0,,,,,,,
W,61,unstructured,0,,0.0,,,,,,,
R,62,STRN,0,,0.0,,,,,,,
D,63,STRN,0,,0.0,,,,,,,
G,64,unstructured,0,,0.0,,,,,,,
R,65,BEND,0,,0.0,,,,,,,
A,66,BEND,0,,0.0,,,,,,,
L,67,unstructured,0,,0.0,,,,,,,
I,68,TURN,0,,0.0,,,,,,,
N,69,TURN,0,,0.0,,,,,,,
S,70,BEND,0,,0.0,,,,,,,
P,71,TURN,0,,0.0,,,,,,,
E,72,TURN,0,,0.0,,,,,,,
G,73,BEND,0,,0.0,,,,,,,
A,74,HELX,0,,0.0,,,,,,,
V,75,HELX,0,,0.0,,,,,,,
G,76,HELX,0,,0.0,,,,,,,
R,77,HELX,0,,0.0,,,,,,,
S,78,HELX,0,,0.0,,,,,,,
L,79,HELX,0,,0.0,,,,,,,
Q,80,HELX,0,,0.0,,,,,,,
P,81,HELX,0,,0.0,,,,,,,
L,82,HELX,0,,0.0,,,,,,,
Y,83,HELX,0,,0.0,,,,,,,
R,84,BEND,0,,0.0,,,,,,,
S,85,BEND,0,,0.0,,,,,,,
N,86,unstructured,0,,0.0,,N->Q,Reduced N-glycosylation,PubMed:12558498,,,
T,87,HELX,0,,0.0,,,,,,,
S,88,HELX,0,,0.0,,,,,,,
Q,89,HELX,0,,0.0,,,,,,,
L,90,unstructured,0,,0.0,,,,,,,
A,91,STRN,0,,0.0,,,,,,,
F,92,STRN,0,,0.0,,,,,,,
L,93,STRN,0,,0.0,,,,,,,
L,94,STRN,0,,0.0,,,,,,,
Y,95,STRN,0,,0.0,,,,,Y->C,rs201030953,PubMed:31775019
N,96,STRN,0,,0.0,,,,,,,
D,97,BEND,0,,0.0,,,,,,,
Q,98,BEND,0,,0.0,,,,,,,
P,99,unstructured,0,,0.0,,,,,,,
P,100,BEND,0,,0.0,,,,,,,
Q,101,BEND,0,,0.0,,,,,,,
P,102,unstructured,0,,0.0,,,,,,,
S,103,unstructured,0,,0.0,,,,,,,
K,104,TURN,0,,0.0,,,,,,,
A,105,TURN,0,,0.0,,,,,,,
Q,106,unstructured,0,,0.0,,,,,,,
D,107,unstructured,0,,0.0,,,,,,,
S,108,HELX,0,,0.0,,,,,,,
S,109,HELX,0,,0.0,,,,,,,
M,110,HELX,0,,0.0,,,,,,,
R,111,BEND,0,,0.0,,,,,,,
G,112,unstructured,0,,0.0,,,,,,,
H,113,BEND,0,,0.0,,,,,,,
T,114,unstructured,0,,0.0,,,,,,,
K,115,STRN,0,,0.0,,,,,,,
G,116,STRN,0,,0.0,,,,,G->A,3B the genetic variation producing this missense variant predominantly affects splicing and the protein resulting from this aberrant splicing may be unstable,PubMed:29259162
V,117,STRN,0,,0.0,,,,,,,
L,118,STRN,0,,0.0,,,,,,,
L,119,STRN,0,,0.0,,,,,,,
L,120,STRN,0,,0.0,,,,,,,
D,121,unstructured,0,,0.0,,,,,D->V,3B reduced DNase activity,PubMed:29259162
H,122,BEND,0,,0.0,,,,,,,
D,123,BEND,0,,0.0,,,,,,,
G,124,STRN,0,,0.0,,,,,,,
G,125,STRN,0,,0.0,,,,,,,
F,126,STRN,0,,0.0,,,,,,,
W,127,STRN,0,,0.0,,,,,,,
L,128,STRN,0,,0.0,,,,,,,
V,129,STRN,0,,0.0,,,,,,,
H,130,STRN,0,,0.0,,,,,,,
S,131,unstructured,0,,0.0,,,,,,,
V,132,unstructured,0,,0.0,,,,,,,
P,133,TURN,0,,0.0,,,,,,,
N,134,TURN,0,,0.0,,,,,,,
F,135,unstructured,0,,0.0,,,,,,,
P,136,BEND,0,,0.0,,,,,,,
P,137,HELX,0,,0.0,,,,,,,
P,138,HELX,0,,0.0,,,,,,,
A,139,TURN,0,,0.0,,,,,,,
S,140,TURN,0,,0.0,,,,,,,
S,141,BEND,0,,0.0,,,,,,,
A,142,BEND,0,,0.0,,,,,,,
A,143,BEND,0,,0.0,,,,,,,
Y,144,unstructured,0,,0.0,,,,,,,
S,145,unstructured,0,,0.0,,,,,,,
W,146,unstructured,0,,0.0,,,,,,,
P,147,unstructured,0,,0.0,,,,,,,
H,148,HELX,0,,0.0,,,,,,,
S,149,HELX,0,,0.0,,,,,,,
A,150,HELX,0,,0.0,,,,,,,
C,151,BEND,0,,0.0,,C->A,Loss of activity,PubMed:12558498,,,
T,152,BEND,0,,0.0,,,,,,,
Y,153,BEND,0,,0.0,,,,,,,
G,154,STRN,0,,0.0,,,,,,,
Q,155,STRN,0,,0.0,,,,,,,
T,156,STRN,0,,0.0,,,,,,,
L,157,STRN,0,,0.0,,,,,,,
L,158,STRN,0,,0.0,,,,,,,
C,159,STRN,0,,0.0,,C->A,Loss of activity,PubMed:12558498,,,
V,160,STRN,0,,0.0,,,,,,,
S,161,STRN,0,,0.0,,,,,,,
F,162,STRN,0,,0.0,,,,,,,
P,163,STRN,0,,0.0,,,,,,,
F,164,HELX,0,,0.0,,,,,,,
A,165,HELX,0,,0.0,,,,,,,
Q,166,HELX,0,,0.0,,,,,,,
F,167,HELX,0,,0.0,,,,,,,
S,168,HELX,0,,0.0,,,,,,,
K,169,HELX,0,,0.0,,,,,,,
M,170,HELX,0,,0.0,,,,,,,
G,171,HELX,0,,0.0,,,,,,,
K,172,HELX,0,,0.0,,,,,,,
Q,173,HELX,0,,0.0,,,,,,,
L,174,HELX,0,,0.0,,,,,,,
T,175,HELX,0,,0.0,,,,,,,
Y,176,HELX,0,,0.0,,,,,,,
T,177,HELX,0,,0.0,,,,,,,
Y,178,unstructured,0,,0.0,,,,,,,
P,179,unstructured,0,,0.0,,,,,,,
W,180,unstructured,0,,0.0,,,,,,,
V,181,STRN,0,,0.0,,,,,,,
Y,182,STRN,0,,0.0,,,,,,,
N,183,STRN,0,,0.0,,,,,,,
Y,184,STRN,0,,0.0,,,,,,,
Q,185,STRN,0,,0.0,,,,,,,
L,186,unstructured,0,,0.0,,,,,,,
E,187,unstructured,0,,0.0,,,,,,,
G,188,HELX,0,,0.0,,,,,,,
I,189,HELX,0,,0.0,,,,,,,
F,190,HELX,0,,0.0,,,,,,,
A,191,HELX,0,,0.0,,,,,,,
Q,192,HELX,0,,0.0,,,,,,,
E,193,HELX,0,,0.0,,,,,,,
F,194,unstructured,0,,0.0,,,,,,,
P,195,HELX,0,,0.0,,,,,,,
D,196,HELX,0,,0.0,,,,,,,
L,197,HELX,0,,0.0,,,,,,,
E,198,HELX,0,,0.0,,,,,,,
N,199,HELX,0,,0.0,,,,,,,
V,200,HELX,0,,0.0,,,,,,,
V,201,HELX,0,,0.0,,,,,,,
K,202,TURN,0,,0.0,,,,,,,
G,203,TURN,0,,0.0,,,,,,,
H,204,unstructured,0,,0.0,,,,,H->R,"rs16978744	
", 
H,205,unstructured,0,,0.0,,,,,,,
V,206,unstructured,0,,0.0,,,,,,,
S,207,unstructured,0,,0.0,,,,,,,
Q,208,BEND,0,,0.0,,,,,,,
E,209,BEND,0,,0.0,,,,,,,
P,210,unstructured,0,,0.0,,,,,,,
W,211,BEND,0,,0.0,,,,,,,
N,212,STRN,0,,0.0,,N->Q,Reduced N-glycosylation,PubMed:12558498,,,
S,213,STRN,0,,0.0,,,,,,,
S,214,STRN,0,,0.0,,,,,,,
I,215,STRN,0,,0.0,,,,,,,
T,216,STRN,0,,0.0,,,,,,,
L,217,STRN,0,,0.0,,,,,,,
T,218,STRN,0,,0.0,,,,,,,
S,219,unstructured,0,,0.0,,,,,,,
Q,220,TURN,0,,0.0,,,,,,,
A,221,TURN,0,,0.0,,,,,,,
G,222,unstructured,0,,0.0,,,,,,,
A,223,unstructured,0,,0.0,,,,,,,
V,224,STRN,0,,0.0,,,,,,,
F,225,STRN,0,,0.0,,,,,,,
Q,226,STRN,0,,0.0,,,,,,,
S,227,STRN,0,,0.0,,,,,,,
F,228,STRN,0,,0.0,,,,,,,
A,229,STRN,0,,0.0,,,,,,,
K,230,STRN,0,,0.0,,,,,,,
F,231,unstructured,0,,0.0,,,,,,,
S,232,HELX,0,,0.0,,,,,,,
K,233,HELX,0,,0.0,,,,,,,
F,234,HELX,0,,0.0,,,,,,,
G,235,unstructured,0,,0.0,,,,,,,
D,236,BEND,0,,0.0,,,,,,,
D,237,unstructured,0,,0.0,,,,,,,
L,238,HELX,0,,0.0,,,,,,,
Y,239,HELX,0,,0.0,,,,,,,
S,240,HELX,0,,0.0,,,,,,,
G,241,HELX,0,,0.0,,,,,,,
W,242,HELX,0,,0.0,,,,,,,
L,243,HELX,0,,0.0,,,,,,,
A,244,HELX,0,,0.0,,,,,,,
A,245,HELX,0,,0.0,,,,,,,
A,246,HELX,0,,0.0,,,,,,,
L,247,HELX,0,,0.0,,,,,,,
G,248,TURN,0,,0.0,,,,,,,
T,249,BEND,0,,0.0,,,,,,,
N,250,unstructured,0,,0.0,,,,,,,
L,251,STRN,0,,0.0,,,,,,,
Q,252,STRN,0,,0.0,,,,,,,
V,253,STRN,0,,0.0,,,,,,,
Q,254,STRN,0,,0.0,,,,,,,
F,255,unstructured,0,,0.0,,,,,,,
W,256,unstructured,0,,0.0,,,,,,,
H,257,BEND,0,,0.0,,,,,,,
K,258,BEND,0,,0.0,,,,,,,
T,259,BEND,0,,0.0,,,,,,,
V,260,BEND,0,,0.0,,,,,,,
G,261,BEND,0,,0.0,,,,,,,
I,262,STRN,0,,0.0,,,,,,,
L,263,HELX,0,,0.0,,,,,,,
P,264,HELX,0,,0.0,,,,,,,
S,265,HELX,0,,0.0,,,,,,,
N,266,STRN,0,,0.0,,N->Q,Reduced N-glycosylation,PubMed:12558498,,,
C,267,unstructured,0,,0.0,,C->A,Loss of activity,PubMed:12558498,,,
S,268,BEND,0,,0.0,,,,,,,
D,269,BEND,0,,0.0,,,,,,,
I,270,BEND,0,,0.0,,,,,,,
W,271,BEND,0,,0.0,,,,,,,
Q,272,unstructured,0,,0.0,,,,,,,
V,273,STRN,0,,0.0,,,,,,,
L,274,STRN,0,,0.0,,,,,,,
N,275,STRN,0,,0.0,,,,,,,
V,276,STRN,0,,0.0,,,,,,,
N,277,STRN,0,,0.0,,,,,,,
Q,278,STRN,0,,0.0,,,,,,,
I,279,STRN,0,,0.0,,,,,,,
A,280,STRN,0,,0.0,,,,,,,
F,281,unstructured,0,,0.0,,,,,,,
P,282,BEND,0,,0.0,,,,,,,
G,283,BEND,0,,0.0,,,,,,,
P,284,TURN,0,,0.0,,,,,,,
A,285,TURN,0,,0.0,,,,,,,
G,286,unstructured,0,,0.0,,,,,,,
P,287,unstructured,0,,0.0,,,,,,,
S,288,STRN,0,,0.0,,,,,,,
F,289,STRN,0,,0.0,,,,,,,
N,290,STRN,0,,0.0,,N->Q,Reduced N-glycosylation,PubMed:12558498,,,
S,291,HELX,0,,0.0,,,,,,,
T,292,HELX,0,,0.0,,,,,,,
E,293,HELX,0,,0.0,,,,,,,
D,294,STRN,0,,0.0,,,,,,,
H,295,unstructured,0,,0.0,Active site,H->A,Loss of activity,PubMed:12594037,,,
S,296,unstructured,0,,0.0,,,,,,,
K,297,unstructured,0,,0.0,,,,,,,
W,298,STRN,0,,0.0,,,,,,,
C,299,STRN,0,,0.0,,C->A,No effect,PubMed:12558498,,,
V,300,STRN,0,,0.0,,,,,,,
S,301,unstructured,0,,0.0,,,,,,,
P,302,BEND,0,,0.0,,,,,,,
K,303,BEND,0,,0.0,,,,,,,
G,304,BEND,0,,0.0,,,,,,,
P,305,BEND,0,,0.0,,,,,,,
W,306,unstructured,0,,0.0,,,,,,,
T,307,STRN,0,,0.0,,,,,,,
C,308,STRN,0,,0.0,,C->A,Loss of activity,PubMed:12558498,,,
V,309,STRN,0,,0.0,,,,,,,
G,310,STRN,0,,0.0,,,,,,,
D,311,BEND,0,,0.0,,,,,,,
M,312,unstructured,0,,0.0,,,,,,,
N,313,unstructured,0,,0.0,,,,,,,
R,314,unstructured,0,,0.0,,,,,R->L,"rs1061192	
", 
N,315,STRN,0,,0.0,,,,,,,
Q,316,HELX,0,,0.0,,,,,,,
G,317,HELX,0,,0.0,,,,,,,
E,318,HELX,0,,0.0,,,,,,,
E,319,HELX,0,,0.0,,,,,,,
Q,320,TURN,0,,0.0,,,,,,,
R,321,BEND,0,,0.0,,,,,,,
G,322,unstructured,0,,0.0,,,,,,,
G,323,STRN,0,,0.0,,,,,,,
G,324,STRN,0,,0.0,,,,,,,
T,325,STRN,0,,0.0,,,,,,,
L,326,STRN,0,,0.0,,,,,,,
C,327,STRN,0,,0.0,,C->A,Loss of activity,PubMed:12558498,,,
A,328,STRN,0,,0.0,,,,,,,
Q,329,unstructured,0,,0.0,,,,,,,
L,330,unstructured,0,,0.0,,,,,,,
P,331,HELX,0,,0.0,,,,,,,
A,332,HELX,0,,0.0,,,,,,,
L,333,HELX,0,,0.0,,,,,,,
W,334,HELX,0,,0.0,,,,,,,
K,335,HELX,0,335.0,0.66,,,,,,,
A,336,HELX,0,,0.0,,,,,,,
F,337,HELX,0,,0.0,,,,,,,
Q,338,HELX,0,,0.0,,,,,,,
P,339,HELX,0,,0.0,,,,,,,
L,340,HELX,0,,0.0,,,,,,,
V,341,STRN,0,,0.0,,,,,,,
K,342,STRN,0,,0.0,,,,,,,
N,343,STRN,0,,0.0,,,,,,,
Y,344,STRN,0,,0.0,,,,,,,
Q,345,HELX,0,,0.0,,,,,,,
P,346,HELX,0,,0.0,,,,,,,
C,347,HELX,0,,0.0,,C->A,Loss of activity,PubMed:12558498,,,
N,348,unstructured,0,,0.0,,,,,,,
G,349,BEND,0,,0.0,,,,,,,
M,350,unstructured,0,,0.0,,,,,,,
A,351,HELX,0,,0.0,,,,,,,
R,352,HELX,0,,0.0,,,,,,,
K,353,HELX,0,353.0,0.7297297297297297,,,,,,,
P,354,HELX,1,,0.0,,,,,,,
S,355,BEND,1,,0.0,,,,,,,
R,356,BEND,1,,0.0,,,,,,,
A,357,unstructured,1,,0.0,,,,,,,
Y,358,unstructured,1,,0.0,,,,,,,
K,359,unstructured,1,,0.0,,,,,,,
I,360,unstructured,1,,0.0,,,,,,,
